lat,long,type
42.34743135,-71.06858956,OPERATING UNDER INFLUENCE
42.32444136,-71.05810456,OPERATING UNDER INFLUENCE
42.35003635,-71.10589955,OPERATING UNDER INFLUENCE
42.25964137,-71.15666954,OPERATING UNDER INFLUENCE
42.36805134,-71.03801957,OPERATING UNDER INFLUENCE
42.38378718,-71.00259354,OPERATING UNDER INFLUENCE
42.29531636,-71.07313956,OPERATING UNDER INFLUENCE
42.32867135,-71.08367956,OPERATING UNDER INFLUENCE
42.35262135,-71.05542957,OPERATING UNDER INFLUENCE
42.28647136,-71.12489954,OPERATING UNDER INFLUENCE
42.28085712,-71.15815817,OPERATING UNDER INFLUENCE
42.29488136,-71.08802956,OPERATING UNDER INFLUENCE
42.35302635,-71.13240954,OPERATING UNDER INFLUENCE
42.33816135,-71.15335953,OPERATING UNDER INFLUENCE
42.30018135,-71.07473439,OPERATING UNDER INFLUENCE
42.32777135,-71.07746956,OPERATING UNDER INFLUENCE
42.38263622,-71.02219067,OPERATING UNDER INFLUENCE
42.34881635,-71.09387955,OPERATING UNDER INFLUENCE
42.35129635,-71.08780955,OPERATING UNDER INFLUENCE
42.32300019,-71.08108899,OPERATING UNDER INFLUENCE
42.26253137,-71.15588954,OPERATING UNDER INFLUENCE
42.31246635,-71.05733456,OPERATING UNDER INFLUENCE
42.35212135,-71.12489954,OPERATING UNDER INFLUENCE
42.33813135,-71.03652957,OPERATING UNDER INFLUENCE
42.35163135,-71.15189953,OPERATING UNDER INFLUENCE
42.37331134,-71.03902957,OPERATING UNDER INFLUENCE
42.33179135,-71.09711955,OPERATING UNDER INFLUENCE
42.27589136,-71.11976955,OPERATING UNDER INFLUENCE
42.26681702,-71.09568347,OPERATING UNDER INFLUENCE
42.33150635,-71.03428457,OPERATING UNDER INFLUENCE
42.35541209,-71.1309325,OPERATING UNDER INFLUENCE
42.31212635,-71.08053456,OPERATING UNDER INFLUENCE
42.30036136,-71.08604956,OPERATING UNDER INFLUENCE
42.35777135,-71.12840954,OPERATING UNDER INFLUENCE
42.35279135,-71.06757957,OPERATING UNDER INFLUENCE
42.31688136,-71.07806956,OPERATING UNDER INFLUENCE
42.3014542,-71.07865694,OPERATING UNDER INFLUENCE
42.32174173,-71.11118815,OPERATING UNDER INFLUENCE
42.32293135,-71.05681456,OPERATING UNDER INFLUENCE
42.32291135,-71.07077957,OPERATING UNDER INFLUENCE
42.37590634,-71.05664456,OPERATING UNDER INFLUENCE
42.36398967,-71.03130975,OPERATING UNDER INFLUENCE
42.28449636,-71.13751454,OPERATING UNDER INFLUENCE
42.31754135,-71.06622957,OPERATING UNDER INFLUENCE
42.28516137,-71.12610955,OPERATING UNDER INFLUENCE
42.33140135,-71.09729955,OPERATING UNDER INFLUENCE
42.31706136,-71.08650956,OPERATING UNDER INFLUENCE
42.38792134,-71.00468457,OPERATING UNDER INFLUENCE
42.28792136,-71.14305954,OPERATING UNDER INFLUENCE
42.26580584,-71.09799494,OPERATING UNDER INFLUENCE
42.35000634,-71.06513456,OPERATING UNDER INFLUENCE
42.34516135,-71.06662957,OPERATING UNDER INFLUENCE
42.31771135,-71.07792956,OPERATING UNDER INFLUENCE
42.34986409,-71.14529739,OPERATING UNDER INFLUENCE
42.34058135,-71.08173956,OPERATING UNDER INFLUENCE
42.38794064,-71.00231654,OPERATING UNDER INFLUENCE
42.36811634,-71.03437457,OPERATING UNDER INFLUENCE
42.26239637,-71.10173454,OPERATING UNDER INFLUENCE
42.33497135,-71.07142956,OPERATING UNDER INFLUENCE
42.32386135,-71.06437956,OPERATING UNDER INFLUENCE
42.35279135,-71.06757957,OPERATING UNDER INFLUENCE
42.31998135,-71.08843955,OPERATING UNDER INFLUENCE
42.31780135,-71.06684957,OPERATING UNDER INFLUENCE
42.33177135,-71.11328955,OPERATING UNDER INFLUENCE
42.34130529,-71.0547108,OPERATING UNDER INFLUENCE
42.33951135,-71.10825955,OPERATING UNDER INFLUENCE
42.35932135,-71.05348957,OPERATING UNDER INFLUENCE
42.30266861,-71.06601998,OPERATING UNDER INFLUENCE
42.31988135,-71.05581957,OPERATING UNDER INFLUENCE
42.32030635,-71.06196456,OPERATING UNDER INFLUENCE
42.36152135,-71.05389957,OPERATING UNDER INFLUENCE
42.29815136,-71.08701956,OPERATING UNDER INFLUENCE
42.36005135,-71.13176954,OPERATING UNDER INFLUENCE
42.37091134,-71.04195457,OPERATING UNDER INFLUENCE
42.38503634,-71.01374458,OPERATING UNDER INFLUENCE
42.35055135,-71.06148957,OPERATING UNDER INFLUENCE
42.28241137,-71.11494955,OPERATING UNDER INFLUENCE
42.28822136,-71.05536957,OPERATING UNDER INFLUENCE
42.31380656,-71.08368194,OPERATING UNDER INFLUENCE
42.28599136,-71.14671954,OPERATING UNDER INFLUENCE
42.30933136,-71.11554955,OPERATING UNDER INFLUENCE
42.36164815,-71.05998657,OPERATING UNDER INFLUENCE
42.35920135,-71.05463957,OPERATING UNDER INFLUENCE
42.33008135,-71.08315956,OPERATING UNDER INFLUENCE
42.31315136,-71.08357956,OPERATING UNDER INFLUENCE
42.31435135,-71.11409454,OPERATING UNDER INFLUENCE
42.35480135,-71.07482956,OPERATING UNDER INFLUENCE
42.28418782,-71.07156968,OPERATING UNDER INFLUENCE
0.0,0.0,OPERATING UNDER INFLUENCE
42.29584636,-71.08753956,OPERATING UNDER INFLUENCE
42.28171636,-71.12709954,OPERATING UNDER INFLUENCE
42.37941521,-71.0268924,OPERATING UNDER INFLUENCE
42.27052579,-71.12537671,OPERATING UNDER INFLUENCE
42.35248135,-71.17217452,OPERATING UNDER INFLUENCE
42.37864134,-71.03960957,OPERATING UNDER INFLUENCE
42.34386135,-71.07180956,OPERATING UNDER INFLUENCE
42.24679637,-71.12837955,OPERATING UNDER INFLUENCE
42.36993634,-71.03908457,OPERATING UNDER INFLUENCE
42.29142636,-71.12278954,OPERATING UNDER INFLUENCE
0.0,0.0,OPERATING UNDER INFLUENCE
42.25720744,-71.11994531,OPERATING UNDER INFLUENCE
42.31903135,-71.08601956,OPERATING UNDER INFLUENCE
42.28272129,-71.11884326,OPERATING UNDER INFLUENCE
42.31796135,-71.05902456,OPERATING UNDER INFLUENCE
42.30864635,-71.08817456,OPERATING UNDER INFLUENCE
42.31862065,-71.07270613,OPERATING UNDER INFLUENCE
42.32114628,-71.07406558,OPERATING UNDER INFLUENCE
42.30251135,-71.05957457,OPERATING UNDER INFLUENCE
42.31598136,-71.07538956,OPERATING UNDER INFLUENCE
42.37718134,-71.03390457,OPERATING UNDER INFLUENCE
42.37258821,-71.03566427,OPERATING UNDER INFLUENCE
42.30266861,-71.06601998,OPERATING UNDER INFLUENCE
0.0,0.0,OPERATING UNDER INFLUENCE
42.35541209,-71.1309325,OPERATING UNDER INFLUENCE
42.31684135,-71.07458456,OPERATING UNDER INFLUENCE
42.30637301,-71.0843636,OPERATING UNDER INFLUENCE
42.29815136,-71.08701956,OPERATING UNDER INFLUENCE
42.38279134,-71.01976958,OPERATING UNDER INFLUENCE
42.34949135,-71.07219956,OPERATING UNDER INFLUENCE
42.34852367,-71.07803723,OPERATING UNDER INFLUENCE
42.31124135,-71.08308456,OPERATING UNDER INFLUENCE
42.3164411,-71.06582908,OPERATING UNDER INFLUENCE
42.34422635,-71.14380953,OPERATING UNDER INFLUENCE
42.26760136,-71.15014954,OPERATING UNDER INFLUENCE
42.32460135,-71.06871957,OPERATING UNDER INFLUENCE
42.31735135,-71.06583456,OPERATING UNDER INFLUENCE
42.31326635,-71.10073955,OPERATING UNDER INFLUENCE
42.27923145,-71.11660494,OPERATING UNDER INFLUENCE
42.24810096,-71.13259159,OPERATING UNDER INFLUENCE
42.30018135,-71.07473439,OPERATING UNDER INFLUENCE
42.29588136,-71.09219956,OPERATING UNDER INFLUENCE
42.25642136,-71.12394954,OPERATING UNDER INFLUENCE
42.32560635,-71.10449455,OPERATING UNDER INFLUENCE
42.32406136,-71.09326955,OPERATING UNDER INFLUENCE
42.3399307,-71.08097569,OPERATING UNDER INFLUENCE
42.32099344,-71.05635729,OPERATING UNDER INFLUENCE
42.34215135,-71.08407956,OPERATING UNDER INFLUENCE
42.30754136,-71.07608956,OPERATING UNDER INFLUENCE
42.37848634,-71.03342957,OPERATING UNDER INFLUENCE
42.30664136,-71.06537957,OPERATING UNDER INFLUENCE
42.38922134,-71.01068958,OPERATING UNDER INFLUENCE
42.37844134,-71.02941958,OPERATING UNDER INFLUENCE
42.30297332,-71.16469896,OPERATING UNDER INFLUENCE
42.33515206,-71.08115071,OPERATING UNDER INFLUENCE
42.28576136,-71.06427957,OPERATING UNDER INFLUENCE
42.29189136,-71.09582956,OPERATING UNDER INFLUENCE
42.28264136,-71.08536956,OPERATING UNDER INFLUENCE
42.28391136,-71.13086954,OPERATING UNDER INFLUENCE
42.37812134,-71.02919958,OPERATING UNDER INFLUENCE
42.25555956,-71.11902162,OPERATING UNDER INFLUENCE
42.33465135,-71.04147958,OPERATING UNDER INFLUENCE
42.32501135,-71.06916956,OPERATING UNDER INFLUENCE
42.33200135,-71.07944956,OPERATING UNDER INFLUENCE
42.30458612,-71.1030833,OPERATING UNDER INFLUENCE
42.3653683,-71.06448933,OPERATING UNDER INFLUENCE
42.31678827,-71.09282145,OPERATING UNDER INFLUENCE
42.29121136,-71.08923956,OPERATING UNDER INFLUENCE
42.26787636,-71.09383955,OPERATING UNDER INFLUENCE
0.0,0.0,OPERATING UNDER INFLUENCE
42.35140134,-71.06802956,OPERATING UNDER INFLUENCE
42.33553635,-71.07571955,OPERATING UNDER INFLUENCE
42.31679208,-71.07962644,OPERATING UNDER INFLUENCE
42.33510135,-71.05524957,OPERATING UNDER INFLUENCE
42.28427844,-71.09548299,OPERATING UNDER INFLUENCE
42.29815136,-71.08701956,OPERATING UNDER INFLUENCE
42.30547136,-71.06997957,OPERATING UNDER INFLUENCE
42.29174136,-71.07718956,OPERATING UNDER INFLUENCE
42.29848136,-71.06315456,OPERATING UNDER INFLUENCE
42.30802136,-71.06511957,OPERATING UNDER INFLUENCE
42.33402135,-71.03022457,OPERATING UNDER INFLUENCE
42.27296137,-71.14373954,OPERATING UNDER INFLUENCE
42.32815135,-71.09699955,OPERATING UNDER INFLUENCE
42.31570468,-71.09811666,OPERATING UNDER INFLUENCE
42.30714549,-71.0881945,OPERATING UNDER INFLUENCE
42.324103,-71.11347457,OPERATING UNDER INFLUENCE
42.29040636,-71.05115457,OPERATING UNDER INFLUENCE
42.27904636,-71.09582955,OPERATING UNDER INFLUENCE
0.0,0.0,OPERATING UNDER INFLUENCE
42.35153635,-71.07188456,OPERATING UNDER INFLUENCE
42.31320635,-71.06801956,OPERATING UNDER INFLUENCE
42.35858501,-71.13233637,OPERATING UNDER INFLUENCE
42.30537136,-71.11185955,OPERATING UNDER INFLUENCE
42.32359135,-71.07618956,OPERATING UNDER INFLUENCE
42.28774136,-71.10679955,OPERATING UNDER INFLUENCE
42.35521135,-71.05200957,OPERATING UNDER INFLUENCE
42.27013352,-71.13205654,OPERATING UNDER INFLUENCE
42.30547923,-71.07267361,OPERATING UNDER INFLUENCE
42.34386135,-71.06562956,OPERATING UNDER INFLUENCE
42.29003136,-71.07155956,OPERATING UNDER INFLUENCE
42.31904136,-71.07775956,OPERATING UNDER INFLUENCE
42.32285136,-71.07667956,OPERATING UNDER INFLUENCE
42.36186634,-71.06381956,OPERATING UNDER INFLUENCE
0.0,0.0,OPERATING UNDER INFLUENCE
42.32815135,-71.09699955,OPERATING UNDER INFLUENCE
42.29938136,-71.07364956,OPERATING UNDER INFLUENCE
42.37500134,-71.03418957,OPERATING UNDER INFLUENCE
42.29732136,-71.05148957,OPERATING UNDER INFLUENCE
42.32723569,-71.08059616,OPERATING UNDER INFLUENCE
42.333399,-71.08743959,OPERATING UNDER INFLUENCE
42.32114205,-71.09089327,OPERATING UNDER INFLUENCE
42.29388755,-71.08451125,OPERATING UNDER INFLUENCE
42.34983135,-71.07482956,OPERATING UNDER INFLUENCE
42.29033136,-71.08935956,OPERATING UNDER INFLUENCE
42.28735929,-71.12713137,OPERATING UNDER INFLUENCE
42.24314028,-71.14176056,OPERATING UNDER INFLUENCE
42.31579136,-71.09829955,OPERATING UNDER INFLUENCE
42.26996151,-71.14791073,OPERATING UNDER INFLUENCE
42.30901619,-71.05810831,OPERATING UNDER INFLUENCE
42.33395135,-71.03532958,OPERATING UNDER INFLUENCE
42.38562634,-71.00263458,OPERATING UNDER INFLUENCE
42.31015415,-71.07928266,OPERATING UNDER INFLUENCE
42.31374136,-71.06791957,OPERATING UNDER INFLUENCE
42.32050635,-71.07610456,OPERATING UNDER INFLUENCE
42.3849354,-71.02035751,OPERATING UNDER INFLUENCE
42.34951635,-71.08630955,OPERATING UNDER INFLUENCE
42.29815136,-71.08701956,OPERATING UNDER INFLUENCE
42.27823137,-71.16009954,OPERATING UNDER INFLUENCE
42.26864636,-71.14906954,OPERATING UNDER INFLUENCE
42.28009137,-71.09273956,OPERATING UNDER INFLUENCE
42.31570136,-71.05815956,OPERATING UNDER INFLUENCE
42.35485134,-71.07213956,OPERATING UNDER INFLUENCE
42.34054051,-71.15070949,OPERATING UNDER INFLUENCE
42.34505059,-71.09069274,OPERATING UNDER INFLUENCE
42.32895528,-71.07655996,OPERATING UNDER INFLUENCE
42.37674138,-71.03915227,OPERATING UNDER INFLUENCE
42.31072635,-71.04710957,OPERATING UNDER INFLUENCE
42.37759134,-71.03168958,OPERATING UNDER INFLUENCE
42.37878134,-71.02842958,OPERATING UNDER INFLUENCE
42.28917819,-71.12272641,OPERATING UNDER INFLUENCE
42.36383134,-71.05104456,OPERATING UNDER INFLUENCE
42.35103135,-71.06489957,OPERATING UNDER INFLUENCE
42.29328136,-71.12080955,OPERATING UNDER INFLUENCE
42.37331134,-71.03902957,OPERATING UNDER INFLUENCE
42.39143605,-71.00128838,OPERATING UNDER INFLUENCE
42.29822522,-71.1435779,OPERATING UNDER INFLUENCE
42.33237135,-71.03120958,OPERATING UNDER INFLUENCE
42.31630136,-71.05667957,OPERATING UNDER INFLUENCE
42.30196135,-71.07798956,OPERATING UNDER INFLUENCE
42.35250634,-71.05994456,OPERATING UNDER INFLUENCE
42.33430135,-71.10044955,OPERATING UNDER INFLUENCE
42.30672136,-71.05862957,OPERATING UNDER INFLUENCE
42.29446136,-71.08815956,OPERATING UNDER INFLUENCE
42.31498136,-71.08193956,OPERATING UNDER INFLUENCE
42.28714136,-71.14857453,OPERATING UNDER INFLUENCE
42.29959135,-71.05102457,OPERATING UNDER INFLUENCE
42.33804135,-71.05172957,OPERATING UNDER INFLUENCE
42.32162135,-71.09200455,OPERATING UNDER INFLUENCE
42.31037135,-71.06123456,OPERATING UNDER INFLUENCE
42.32778635,-71.06772456,OPERATING UNDER INFLUENCE
42.33281635,-71.07256956,OPERATING UNDER INFLUENCE
42.34904741,-71.1364789,OPERATING UNDER INFLUENCE
42.35073029,-71.16297137,OPERATING UNDER INFLUENCE
42.36146134,-71.07062456,OPERATING UNDER INFLUENCE
42.35590635,-71.07056456,OPERATING UNDER INFLUENCE
42.32082135,-71.08447956,OPERATING UNDER INFLUENCE
42.3453122,-71.14293624,OPERATING UNDER INFLUENCE
42.34323635,-71.06345956,OPERATING UNDER INFLUENCE
42.33179135,-71.09711955,OPERATING UNDER INFLUENCE
42.26953722,-71.09075535,OPERATING UNDER INFLUENCE
42.35103135,-71.06489957,OPERATING UNDER INFLUENCE
42.30241135,-71.07781456,OPERATING UNDER INFLUENCE
42.32343136,-71.08952955,OPERATING UNDER INFLUENCE
42.29995136,-71.07229956,OPERATING UNDER INFLUENCE
42.33151135,-71.07083456,OPERATING UNDER INFLUENCE
42.34611135,-71.14100453,OPERATING UNDER INFLUENCE
42.31229893,-71.06893245,OPERATING UNDER INFLUENCE
42.37889134,-71.03235957,OPERATING UNDER INFLUENCE
42.30667136,-71.08233956,OPERATING UNDER INFLUENCE
42.32119135,-71.05678956,OPERATING UNDER INFLUENCE
42.34526135,-71.14911953,OPERATING UNDER INFLUENCE
42.26336136,-71.12146955,OPERATING UNDER INFLUENCE
42.31850135,-71.05672957,OPERATING UNDER INFLUENCE
42.28760136,-71.09398956,OPERATING UNDER INFLUENCE
42.33699135,-71.10929955,OPERATING UNDER INFLUENCE
42.33162135,-71.05308957,OPERATING UNDER INFLUENCE
42.28811136,-71.07879956,OPERATING UNDER INFLUENCE
42.31279136,-71.08332956,OPERATING UNDER INFLUENCE
42.28161136,-71.08695956,OPERATING UNDER INFLUENCE
42.32973635,-71.05695956,OPERATING UNDER INFLUENCE
42.31246635,-71.05733456,OPERATING UNDER INFLUENCE
42.26763137,-71.09384956,OPERATING UNDER INFLUENCE
42.28820136,-71.07680956,OPERATING UNDER INFLUENCE
42.32490136,-71.09828955,OPERATING UNDER INFLUENCE
42.28145637,-71.07757457,OPERATING UNDER INFLUENCE
42.30857136,-71.06257957,OPERATING UNDER INFLUENCE
42.30872136,-71.08078956,OPERATING UNDER INFLUENCE
42.31636136,-71.08289956,OPERATING UNDER INFLUENCE
42.31295136,-71.09259956,OPERATING UNDER INFLUENCE
42.28135391,-71.1709132,OPERATING UNDER INFLUENCE
42.35000634,-71.06513456,OPERATING UNDER INFLUENCE
42.31186136,-71.08073956,OPERATING UNDER INFLUENCE
42.33219773,-71.07254317,OPERATING UNDER INFLUENCE
0.0,0.0,OPERATING UNDER INFLUENCE
42.37426634,-71.06251456,OPERATING UNDER INFLUENCE
42.33179135,-71.09711955,OPERATING UNDER INFLUENCE
42.33842135,-71.08196956,OPERATING UNDER INFLUENCE
42.26490636,-71.11442955,OPERATING UNDER INFLUENCE
42.32985135,-71.10046955,OPERATING UNDER INFLUENCE
42.26133137,-71.15705954,OPERATING UNDER INFLUENCE
42.31387556,-71.06380408,OPERATING UNDER INFLUENCE
42.37452134,-71.03338957,OPERATING UNDER INFLUENCE
42.28012136,-71.08841956,OPERATING UNDER INFLUENCE
42.29815136,-71.08701956,OPERATING UNDER INFLUENCE
42.30755136,-71.05844957,OPERATING UNDER INFLUENCE
42.37191134,-71.03392957,OPERATING UNDER INFLUENCE
42.27861137,-71.11921955,OPERATING UNDER INFLUENCE
42.30911635,-71.08283956,OPERATING UNDER INFLUENCE
42.28291136,-71.05339957,OPERATING UNDER INFLUENCE
42.29815136,-71.08701956,OPERATING UNDER INFLUENCE
42.36160634,-71.05200456,OPERATING UNDER INFLUENCE
42.38749134,-71.00423958,OPERATING UNDER INFLUENCE
42.31475635,-71.07160956,OPERATING UNDER INFLUENCE
42.33109591,-71.09038894,OPERATING UNDER INFLUENCE
42.31121136,-71.06267957,OPERATING UNDER INFLUENCE
42.29121136,-71.08923956,OPERATING UNDER INFLUENCE
42.31561081,-71.06614075,OPERATING UNDER INFLUENCE
42.27299636,-71.10783455,OPERATING UNDER INFLUENCE
42.31339135,-71.07617956,OPERATING UNDER INFLUENCE
42.2901966,-71.08802624,OPERATING UNDER INFLUENCE
42.28590136,-71.09327956,OPERATING UNDER INFLUENCE
42.30901619,-71.05810831,OPERATING UNDER INFLUENCE
42.31551136,-71.07834956,OPERATING UNDER INFLUENCE
42.37609134,-71.03247958,OPERATING UNDER INFLUENCE
42.38041134,-71.02615958,OPERATING UNDER INFLUENCE
42.35614135,-71.06941956,OPERATING UNDER INFLUENCE
42.38318134,-71.03931956,OPERATING UNDER INFLUENCE
42.2862501,-71.07770745,OPERATING UNDER INFLUENCE
42.35695135,-71.13294954,OPERATING UNDER INFLUENCE
42.26848274,-71.09250305,OPERATING UNDER INFLUENCE
42.30538422,-71.06549055,OPERATING UNDER INFLUENCE
42.30901619,-71.05810831,OPERATING UNDER INFLUENCE
42.33398135,-71.03329958,OPERATING UNDER INFLUENCE
42.32699089,-71.10133221,OPERATING UNDER INFLUENCE
42.37747634,-71.06697956,OPERATING UNDER INFLUENCE
42.32000174,-71.07108886,OPERATING UNDER INFLUENCE
42.35142135,-71.11777454,OPERATING UNDER INFLUENCE
42.38262134,-71.03609957,OPERATING UNDER INFLUENCE
42.33648135,-71.07704956,OPERATING UNDER INFLUENCE
42.27864136,-71.13657954,OPERATING UNDER INFLUENCE
42.29488136,-71.08802956,OPERATING UNDER INFLUENCE
42.29074136,-71.06721957,OPERATING UNDER INFLUENCE
42.31268306,-71.0645723,OPERATING UNDER INFLUENCE
42.37997634,-71.02943457,OPERATING UNDER INFLUENCE
42.28014636,-71.06506456,OPERATING UNDER INFLUENCE
42.25841636,-71.12347955,OPERATING UNDER INFLUENCE
42.28680137,-71.13081955,OPERATING UNDER INFLUENCE
42.28760136,-71.09398956,OPERATING UNDER INFLUENCE
42.38665134,-71.00672958,OPERATING UNDER INFLUENCE
42.29356636,-71.16188953,OPERATING UNDER INFLUENCE
42.38436951,-71.07478681,OPERATING UNDER INFLUENCE
42.29821136,-71.05704957,OPERATING UNDER INFLUENCE
42.3101963,-71.05168049,OPERATING UNDER INFLUENCE
42.29798136,-71.13036954,OPERATING UNDER INFLUENCE
42.35669135,-71.05148957,OPERATING UNDER INFLUENCE
42.34913135,-71.08073956,OPERATING UNDER INFLUENCE
42.36116672,-71.06974109,OPERATING UNDER INFLUENCE
42.31052083,-71.07150514,OPERATING UNDER INFLUENCE
42.32142135,-71.07137956,OPERATING UNDER INFLUENCE
42.36961634,-71.04161956,OPERATING UNDER INFLUENCE
42.38117634,-71.03925457,OPERATING UNDER INFLUENCE
42.33355135,-71.07342456,OPERATING UNDER INFLUENCE
42.26865136,-71.10333955,OPERATING UNDER INFLUENCE
42.33042135,-71.06985456,OPERATING UNDER INFLUENCE
42.28521636,-71.08905956,OPERATING UNDER INFLUENCE
0.0,0.0,OPERATING UNDER INFLUENCE
42.27433137,-71.10915955,OPERATING UNDER INFLUENCE
42.27939136,-71.11758955,OPERATING UNDER INFLUENCE
42.28229136,-71.09963955,OPERATING UNDER INFLUENCE
42.38263622,-71.02219067,OPERATING UNDER INFLUENCE
42.30348136,-71.08500956,OPERATING UNDER INFLUENCE
42.29349136,-71.07777455,OPERATING UNDER INFLUENCE
42.30356135,-71.07866456,OPERATING UNDER INFLUENCE
42.36084135,-71.12457954,OPERATING UNDER INFLUENCE
42.2714674,-71.07566757,OPERATING UNDER INFLUENCE
42.37226134,-71.03900957,OPERATING UNDER INFLUENCE
42.27684157,-71.09523462,OPERATING UNDER INFLUENCE
42.29093636,-71.07167456,OPERATING UNDER INFLUENCE
42.33008135,-71.08315956,OPERATING UNDER INFLUENCE
42.30244135,-71.08045956,OPERATING UNDER INFLUENCE
42.29600556,-71.1251963,OPERATING UNDER INFLUENCE
42.33151135,-71.07083456,OPERATING UNDER INFLUENCE
42.28934136,-71.11829955,OPERATING UNDER INFLUENCE
42.31637136,-71.08690956,OPERATING UNDER INFLUENCE
42.31636136,-71.08289956,OPERATING UNDER INFLUENCE
42.29965136,-71.06511957,OPERATING UNDER INFLUENCE
42.32781147,-71.05964098,OPERATING UNDER INFLUENCE
42.26959636,-71.09377455,OPERATING UNDER INFLUENCE
42.31185415,-71.05910669,OPERATING UNDER INFLUENCE
42.30489136,-71.07411956,OPERATING UNDER INFLUENCE
42.30751635,-71.08395956,OPERATING UNDER INFLUENCE
42.28940136,-71.06325957,OPERATING UNDER INFLUENCE
42.31484135,-71.07738956,OPERATING UNDER INFLUENCE
42.32595135,-71.08344956,OPERATING UNDER INFLUENCE
42.27589136,-71.11976955,OPERATING UNDER INFLUENCE
42.28161136,-71.08695956,OPERATING UNDER INFLUENCE
42.28091045,-71.08503487,OPERATING UNDER INFLUENCE
42.32623635,-71.10315955,OPERATING UNDER INFLUENCE
42.32073135,-71.08176956,OPERATING UNDER INFLUENCE
42.27911636,-71.06970456,OPERATING UNDER INFLUENCE
42.37555134,-71.03910957,OPERATING UNDER INFLUENCE
42.32359135,-71.07618956,OPERATING UNDER INFLUENCE
42.38257403,-71.02407272,OPERATING UNDER INFLUENCE
42.29738636,-71.13155454,OPERATING UNDER INFLUENCE
42.37555134,-71.03910957,OPERATING UNDER INFLUENCE
42.34064135,-71.06367456,OPERATING UNDER INFLUENCE
42.30348136,-71.08500956,OPERATING UNDER INFLUENCE
42.37254134,-71.04017957,OPERATING UNDER INFLUENCE
42.29040136,-71.15025954,OPERATING UNDER INFLUENCE
42.29992635,-71.08619456,OPERATING UNDER INFLUENCE
42.37961134,-71.02746457,OPERATING UNDER INFLUENCE
42.31501635,-71.09753955,OPERATING UNDER INFLUENCE
42.30029356,-71.07212174,OPERATING UNDER INFLUENCE
42.38263622,-71.02219067,OPERATING UNDER INFLUENCE
42.30292136,-71.05260957,OPERATING UNDER INFLUENCE
42.35398135,-71.07438956,OPERATING UNDER INFLUENCE
42.31369316,-71.0769489,OPERATING UNDER INFLUENCE
42.27858137,-71.08993956,OPERATING UNDER INFLUENCE
42.28271124,-71.11896968,OPERATING UNDER INFLUENCE
42.27218137,-71.06802957,OPERATING UNDER INFLUENCE
42.26763137,-71.09384956,OPERATING UNDER INFLUENCE
42.28018636,-71.11898454,OPERATING UNDER INFLUENCE
42.31335135,-71.08361455,OPERATING UNDER INFLUENCE
42.38791359,-71.01694513,OPERATING UNDER INFLUENCE
42.29003136,-71.07155956,OPERATING UNDER INFLUENCE
42.32609135,-71.07533956,OPERATING UNDER INFLUENCE
42.29245135,-71.05735956,OPERATING UNDER INFLUENCE
42.31857135,-71.06159957,OPERATING UNDER INFLUENCE
42.36164815,-71.05998657,OPERATING UNDER INFLUENCE
42.34992135,-71.09422455,OPERATING UNDER INFLUENCE
42.38089134,-71.03108958,OPERATING UNDER INFLUENCE
42.27096137,-71.10338956,OPERATING UNDER INFLUENCE
42.34295218,-71.10294088,OPERATING UNDER INFLUENCE
42.32262635,-71.09062455,OPERATING UNDER INFLUENCE
42.31746287,-71.06437575,OPERATING UNDER INFLUENCE
42.38017134,-71.02683958,OPERATING UNDER INFLUENCE
42.32160136,-71.11206955,OPERATING UNDER INFLUENCE
42.32192837,-71.09771804,OPERATING UNDER INFLUENCE
42.35789135,-71.05130957,OPERATING UNDER INFLUENCE
42.30074136,-71.06000957,OPERATING UNDER INFLUENCE
42.34342634,-71.05719456,OPERATING UNDER INFLUENCE
42.34277135,-71.14627453,OPERATING UNDER INFLUENCE
42.3727862,-71.0390398,OPERATING UNDER INFLUENCE
42.33840135,-71.04501956,OPERATING UNDER INFLUENCE
42.29488136,-71.08802956,OPERATING UNDER INFLUENCE
42.32409135,-71.08286956,OPERATING UNDER INFLUENCE
42.38976983,-71.00950435,OPERATING UNDER INFLUENCE
42.31468801,-71.07451322,OPERATING UNDER INFLUENCE
42.28951136,-71.06529957,OPERATING UNDER INFLUENCE
42.33109591,-71.09038894,OPERATING UNDER INFLUENCE
42.31552135,-71.08062955,OPERATING UNDER INFLUENCE
42.2999075,-71.06784513,OPERATING UNDER INFLUENCE
42.28815137,-71.12631955,OPERATING UNDER INFLUENCE
42.36228967,-71.13034028,OPERATING UNDER INFLUENCE
42.27649137,-71.09266956,OPERATING UNDER INFLUENCE
42.32850135,-71.09258955,OPERATING UNDER INFLUENCE
42.31900788,-71.07964071,OPERATING UNDER INFLUENCE
42.33294135,-71.04738957,OPERATING UNDER INFLUENCE
0.0,0.0,OPERATING UNDER INFLUENCE
0.0,0.0,OPERATING UNDER INFLUENCE
42.28151878,-71.0734992,OPERATING UNDER INFLUENCE
42.35236135,-71.06259957,OPERATING UNDER INFLUENCE
42.30416135,-71.06555956,OPERATING UNDER INFLUENCE
42.34491393,-71.09641336,OPERATING UNDER INFLUENCE
42.32815135,-71.09699955,OPERATING UNDER INFLUENCE
42.26782995,-71.17038661,OPERATING UNDER INFLUENCE
42.28886136,-71.13416954,OPERATING UNDER INFLUENCE
42.30869467,-71.09044998,OPERATING UNDER INFLUENCE
42.34712894,-71.0852332,OPERATING UNDER INFLUENCE
42.36512135,-71.05836957,OPERATING UNDER INFLUENCE
42.32886294,-71.09657444,OPERATING UNDER INFLUENCE
42.28693597,-71.12222395,OPERATING UNDER INFLUENCE
42.37515634,-71.03263458,OPERATING UNDER INFLUENCE
42.2751208,-71.11599434,OPERATING UNDER INFLUENCE
42.37549635,-71.03727458,OPERATING UNDER INFLUENCE
42.27231602,-71.06985927,OPERATING UNDER INFLUENCE
42.37065134,-71.03192957,OPERATING UNDER INFLUENCE
42.29378636,-71.07002457,OPERATING UNDER INFLUENCE
42.26764137,-71.15019954,OPERATING UNDER INFLUENCE
42.32753635,-71.08322955,OPERATING UNDER INFLUENCE
42.37889634,-71.03642458,OPERATING UNDER INFLUENCE
42.28738636,-71.14719954,OPERATING UNDER INFLUENCE
42.36519135,-71.06180956,OPERATING UNDER INFLUENCE
42.28369137,-71.15698954,OPERATING UNDER INFLUENCE
42.28886636,-71.06266457,OPERATING UNDER INFLUENCE
42.30481136,-71.05651957,OPERATING UNDER INFLUENCE
42.31778135,-71.05906957,OPERATING UNDER INFLUENCE
42.39443134,-71.06721456,OPERATING UNDER INFLUENCE
42.31894194,-71.07453393,OPERATING UNDER INFLUENCE
42.35101634,-71.06464956,OPERATING UNDER INFLUENCE
42.32855135,-71.07927956,OPERATING UNDER INFLUENCE
42.29597136,-71.07022957,OPERATING UNDER INFLUENCE
42.37625134,-71.03443958,OPERATING UNDER INFLUENCE
42.38041134,-71.02615958,OPERATING UNDER INFLUENCE
42.30348136,-71.08500956,OPERATING UNDER INFLUENCE
42.25938275,-71.11729354,OPERATING UNDER INFLUENCE
42.28760136,-71.12684955,OPERATING UNDER INFLUENCE
42.32634635,-71.06646456,OPERATING UNDER INFLUENCE
42.37812134,-71.02919958,OPERATING UNDER INFLUENCE
42.33822635,-71.05150457,OPERATING UNDER INFLUENCE
42.29487136,-71.07563956,OPERATING UNDER INFLUENCE
42.34933135,-71.09502955,OPERATING UNDER INFLUENCE
42.29253135,-71.07178956,OPERATING UNDER INFLUENCE
42.35039089,-71.06598003,OPERATING UNDER INFLUENCE
42.29066136,-71.07578956,OPERATING UNDER INFLUENCE
42.37911134,-71.03385957,OPERATING UNDER INFLUENCE
42.34897135,-71.06389957,OPERATING UNDER INFLUENCE
0.0,0.0,OPERATING UNDER INFLUENCE
0.0,0.0,OPERATING UNDER INFLUENCE
42.31402135,-71.07918956,OPERATING UNDER INFLUENCE
42.27885636,-71.13313954,OPERATING UNDER INFLUENCE
42.33092142,-71.08285467,OPERATING UNDER INFLUENCE
42.31810643,-71.09023792,OPERATING UNDER INFLUENCE
42.31777135,-71.08221956,OPERATING UNDER INFLUENCE
42.33141135,-71.09436955,OPERATING UNDER INFLUENCE
42.31602635,-71.06619456,OPERATING UNDER INFLUENCE
42.30531342,-71.05719404,OPERATING UNDER INFLUENCE
42.28681636,-71.07119956,OPERATING UNDER INFLUENCE
42.35065135,-71.07523956,OPERATING UNDER INFLUENCE
42.29117136,-71.07293956,OPERATING UNDER INFLUENCE
42.38242134,-71.07167455,OPERATING UNDER INFLUENCE
0.0,0.0,OPERATING UNDER INFLUENCE
42.30339136,-71.08421956,OPERATING UNDER INFLUENCE
42.36976134,-71.03922957,OPERATING UNDER INFLUENCE
42.34768768,-71.08612014,OPERATING UNDER INFLUENCE
42.28725444,-71.1334396,OPERATING UNDER INFLUENCE
42.30146635,-71.05409457,OPERATING UNDER INFLUENCE
42.34177635,-71.06858456,OPERATING UNDER INFLUENCE
42.35278135,-71.13017954,OPERATING UNDER INFLUENCE
42.38052134,-71.03341957,OPERATING UNDER INFLUENCE
42.34779135,-71.06428957,OPERATING UNDER INFLUENCE
42.27580636,-71.13421454,OPERATING UNDER INFLUENCE
42.30670136,-71.06650957,OPERATING UNDER INFLUENCE
42.37063134,-71.04390957,OPERATING UNDER INFLUENCE
42.28245136,-71.08581956,OPERATING UNDER INFLUENCE
42.33970287,-71.15870377,OPERATING UNDER INFLUENCE
42.30939136,-71.08272956,OPERATING UNDER INFLUENCE
42.27985136,-71.06614456,OPERATING UNDER INFLUENCE
42.36575499,-71.06738366,OPERATING UNDER INFLUENCE
42.28645136,-71.08714456,OPERATING UNDER INFLUENCE
42.31007135,-71.10601955,OPERATING UNDER INFLUENCE
42.34851661,-71.06707405,OPERATING UNDER INFLUENCE
42.29936636,-71.06978457,OPERATING UNDER INFLUENCE
42.33315395,-71.15455348,OPERATING UNDER INFLUENCE
42.29691136,-71.07775956,OPERATING UNDER INFLUENCE
42.30755136,-71.05844957,OPERATING UNDER INFLUENCE
42.32162135,-71.09200455,OPERATING UNDER INFLUENCE
42.27589136,-71.11976955,OPERATING UNDER INFLUENCE
42.37918221,-71.02795008,OPERATING UNDER INFLUENCE
42.33560135,-71.09950955,OPERATING UNDER INFLUENCE
42.29782631,-71.06649444,OPERATING UNDER INFLUENCE
42.37999134,-71.02545958,OPERATING UNDER INFLUENCE
42.30443636,-71.05745957,OPERATING UNDER INFLUENCE
42.32020071,-71.06091491,OPERATING UNDER INFLUENCE
42.31133136,-71.07022957,OPERATING UNDER INFLUENCE
42.37549635,-71.03727458,OPERATING UNDER INFLUENCE
42.34976134,-71.05806456,OPERATING UNDER INFLUENCE
42.34687135,-71.06582957,OPERATING UNDER INFLUENCE
42.32011409,-71.05829126,OPERATING UNDER INFLUENCE
42.23578637,-71.12635454,OPERATING UNDER INFLUENCE
42.33423135,-71.08976955,OPERATING UNDER INFLUENCE
42.33143135,-71.09455955,OPERATING UNDER INFLUENCE
42.28976136,-71.08973956,OPERATING UNDER INFLUENCE
42.37918221,-71.02795008,OPERATING UNDER INFLUENCE
42.38390134,-71.02264958,OPERATING UNDER INFLUENCE
42.36298135,-71.05983957,OPERATING UNDER INFLUENCE
42.29037636,-71.06705456,OPERATING UNDER INFLUENCE
42.28647136,-71.04416958,OPERATING UNDER INFLUENCE
42.31025136,-71.08199956,OPERATING UNDER INFLUENCE
42.29425635,-71.06102456,OPERATING UNDER INFLUENCE
42.35791135,-71.06268957,OPERATING UNDER INFLUENCE
42.26889638,-71.10810451,OPERATING UNDER INFLUENCE
42.35047863,-71.13290212,OPERATING UNDER INFLUENCE
42.29272898,-71.16987924,OPERATING UNDER INFLUENCE
42.28956636,-71.05765957,OPERATING UNDER INFLUENCE
42.28890136,-71.09221956,OPERATING UNDER INFLUENCE
42.37793134,-71.02889957,OPERATING UNDER INFLUENCE
42.30775136,-71.06682957,OPERATING UNDER INFLUENCE
42.34723135,-71.10289955,OPERATING UNDER INFLUENCE
42.29866136,-71.08292956,OPERATING UNDER INFLUENCE
42.29859136,-71.05191957,OPERATING UNDER INFLUENCE
42.35614135,-71.06941956,OPERATING UNDER INFLUENCE
42.38976983,-71.00950435,OPERATING UNDER INFLUENCE
42.35010135,-71.05976957,OPERATING UNDER INFLUENCE
42.32867135,-71.08367956,OPERATING UNDER INFLUENCE
42.35821634,-71.06139456,OPERATING UNDER INFLUENCE
42.27670834,-71.11336609,OPERATING UNDER INFLUENCE
42.26975779,-71.09972963,OPERATING UNDER INFLUENCE
42.33445703,-71.08651662,OPERATING UNDER INFLUENCE
42.28410417,-71.04613468,OPERATING UNDER INFLUENCE
42.29859136,-71.06065957,OPERATING UNDER INFLUENCE
42.32450743,-71.07914725,OPERATING UNDER INFLUENCE
42.28411916,-71.09789998,OPERATING UNDER INFLUENCE
42.29977136,-71.06030957,OPERATING UNDER INFLUENCE
42.33200135,-71.07944956,OPERATING UNDER INFLUENCE
42.34990634,-71.06983456,OPERATING UNDER INFLUENCE
42.28607136,-71.04328958,OPERATING UNDER INFLUENCE
42.37221134,-71.06045956,OPERATING UNDER INFLUENCE
42.38661761,-71.01883595,OPERATING UNDER INFLUENCE
42.35542634,-71.07258956,OPERATING UNDER INFLUENCE
42.35798135,-71.06045957,OPERATING UNDER INFLUENCE
42.23707024,-71.13138537,OPERATING UNDER INFLUENCE
42.32568135,-71.07319956,OPERATING UNDER INFLUENCE
42.27228718,-71.06702057,OPERATING UNDER INFLUENCE
42.32042635,-71.05676456,OPERATING UNDER INFLUENCE
42.27226136,-71.12013954,OPERATING UNDER INFLUENCE
42.35583135,-71.13199954,OPERATING UNDER INFLUENCE
42.35914134,-71.05488956,OPERATING UNDER INFLUENCE
42.38440134,-71.01543958,OPERATING UNDER INFLUENCE
42.36906865,-71.03840847,OPERATING UNDER INFLUENCE
42.31579136,-71.09829955,OPERATING UNDER INFLUENCE
42.29892135,-71.07513456,OPERATING UNDER INFLUENCE
42.31552135,-71.07127956,OPERATING UNDER INFLUENCE
42.37988134,-71.03172957,OPERATING UNDER INFLUENCE
42.31824135,-71.06122956,OPERATING UNDER INFLUENCE
42.36079135,-71.05368957,OPERATING UNDER INFLUENCE
42.31459136,-71.09946955,OPERATING UNDER INFLUENCE
42.33715135,-71.06833957,OPERATING UNDER INFLUENCE
42.28765136,-71.10668955,OPERATING UNDER INFLUENCE
42.35054635,-71.13626454,OPERATING UNDER INFLUENCE
0.0,0.0,OPERATING UNDER INFLUENCE
42.25582137,-71.12411955,OPERATING UNDER INFLUENCE
42.38406134,-71.07425956,OPERATING UNDER INFLUENCE
42.34398135,-71.06208956,OPERATING UNDER INFLUENCE
42.35246135,-71.06138956,OPERATING UNDER INFLUENCE
42.31682635,-71.09827955,OPERATING UNDER INFLUENCE
42.31617352,-71.07611751,OPERATING UNDER INFLUENCE
42.38256134,-71.03031957,OPERATING UNDER INFLUENCE
42.33372337,-71.09095643,OPERATING UNDER INFLUENCE
0.0,0.0,OPERATING UNDER INFLUENCE
42.31743136,-71.07796956,OPERATING UNDER INFLUENCE
42.37648634,-71.03477458,OPERATING UNDER INFLUENCE
42.29112136,-71.07512956,OPERATING UNDER INFLUENCE
42.31700136,-71.06508957,OPERATING UNDER INFLUENCE
42.35000634,-71.06513456,OPERATING UNDER INFLUENCE
0.0,0.0,OPERATING UNDER INFLUENCE
0.0,0.0,OPERATING UNDER INFLUENCE
42.35285361,-71.05285529,OPERATING UNDER INFLUENCE
42.32855135,-71.07927956,OPERATING UNDER INFLUENCE
42.31885136,-71.07140956,OPERATING UNDER INFLUENCE
0.0,0.0,OPERATING UNDER INFLUENCE
42.32409136,-71.08286956,OPERATING UNDER INFLUENCE
0.0,0.0,OPERATING UNDER INFLUENCE
0.0,0.0,OPERATING UNDER INFLUENCE
42.33226635,-71.05199457,OPERATING UNDER INFLUENCE
42.35233135,-71.05813956,OPERATING UNDER INFLUENCE
0.0,0.0,OPERATING UNDER INFLUENCE
42.31541135,-71.05978456,OPERATING UNDER INFLUENCE
42.37778134,-71.03429957,OPERATING UNDER INFLUENCE
42.35443634,-71.05916956,OPERATING UNDER INFLUENCE
42.2762352,-71.16644825,OPERATING UNDER INFLUENCE
42.32940195,-71.06709326,OPERATING UNDER INFLUENCE
42.35439634,-71.05432956,OPERATING UNDER INFLUENCE
42.26498636,-71.09939455,OPERATING UNDER INFLUENCE
42.33821635,-71.06837455,OPERATING UNDER INFLUENCE
0.0,0.0,OPERATING UNDER INFLUENCE
0.0,0.0,OPERATING UNDER INFLUENCE
0.0,0.0,OPERATING UNDER INFLUENCE
42.31075135,-71.07482956,OPERATING UNDER INFLUENCE
42.36610634,-71.03776457,OPERATING UNDER INFLUENCE
42.36153134,-71.05516956,OPERATING UNDER INFLUENCE
42.37674138,-71.03915227,OPERATING UNDER INFLUENCE
0.0,0.0,OPERATING UNDER INFLUENCE
42.28405295,-71.11241077,OPERATING UNDER INFLUENCE
42.3531711,-71.13014801,OPERATING UNDER INFLUENCE
0.0,0.0,OPERATING UNDER INFLUENCE
42.31091544,-71.06249161,OPERATING UNDER INFLUENCE
42.31463635,-71.06578956,OPERATING UNDER INFLUENCE
0.0,0.0,OPERATING UNDER INFLUENCE
42.36601134,-71.05842956,OPERATING UNDER INFLUENCE
0.0,0.0,OPERATING UNDER INFLUENCE
42.31433271,-71.10150212,OPERATING UNDER INFLUENCE
0.0,0.0,OPERATING UNDER INFLUENCE
42.36342246,-71.12673971,OPERATING UNDER INFLUENCE
42.30500135,-71.08477955,OPERATING UNDER INFLUENCE
0.0,0.0,OPERATING UNDER INFLUENCE
42.27896636,-71.11674955,OPERATING UNDER INFLUENCE
0.0,0.0,OPERATING UNDER INFLUENCE
0.0,0.0,OPERATING UNDER INFLUENCE
42.30504135,-71.06856956,OPERATING UNDER INFLUENCE
42.31747635,-71.09659455,OPERATING UNDER INFLUENCE
0.0,0.0,OPERATING UNDER INFLUENCE
42.38286134,-71.03931457,OPERATING UNDER INFLUENCE
42.37032644,-71.03827972,OPERATING UNDER INFLUENCE
42.3014542,-71.07865694,OPERATING UNDER INFLUENCE
42.33614915,-71.0467171,OPERATING UNDER INFLUENCE
42.31195258,-71.07872554,OPERATING UNDER INFLUENCE
42.31284872,-71.08209967,OPERATING UNDER INFLUENCE
42.31883635,-71.06323456,OPERATING UNDER INFLUENCE
42.37960134,-71.03556457,OPERATING UNDER INFLUENCE
0.0,0.0,OPERATING UNDER INFLUENCE
0.0,0.0,OPERATING UNDER INFLUENCE
42.29367689,-71.11738437,OPERATING UNDER INFLUENCE
42.26844136,-71.09369455,OPERATING UNDER INFLUENCE
42.35774635,-71.14808953,OPERATING UNDER INFLUENCE
42.33783135,-71.09546955,OPERATING UNDER INFLUENCE
42.28634636,-71.07117956,OPERATING UNDER INFLUENCE
0.0,0.0,OPERATING UNDER INFLUENCE
42.37961134,-71.02746457,OPERATING UNDER INFLUENCE
42.37648634,-71.03477458,OPERATING UNDER INFLUENCE
0.0,0.0,OPERATING UNDER INFLUENCE
42.35108033,-71.16449427,OPERATING UNDER INFLUENCE
0.0,0.0,OPERATING UNDER INFLUENCE
42.36411634,-71.05106956,OPERATING UNDER INFLUENCE
42.28830961,-71.05935709,OPERATING UNDER INFLUENCE
42.30856135,-71.08311956,OPERATING UNDER INFLUENCE
42.29986777,-71.07349643,OPERATING UNDER INFLUENCE
0.0,0.0,OPERATING UNDER INFLUENCE
42.36692134,-71.03588957,OPERATING UNDER INFLUENCE
42.31838635,-71.05890456,OPERATING UNDER INFLUENCE
0.0,0.0,OPERATING UNDER INFLUENCE
0.0,0.0,OPERATING UNDER INFLUENCE
42.33172135,-71.09662455,OPERATING UNDER INFLUENCE
42.35078761,-71.06252245,OPERATING UNDER INFLUENCE
42.38318134,-71.03931956,OPERATING UNDER INFLUENCE
42.35057634,-71.07274456,OPERATING UNDER INFLUENCE
42.29786135,-71.07639456,OPERATING UNDER INFLUENCE
42.38424706,-71.02244962,OPERATING UNDER INFLUENCE
